{
  "project_info": {
    "project_number": "548731713748",
    "project_id": "yoride-be142",
    "storage_bucket": "yoride-be142.appspot.com"
  },
  "client": [
    {
      "client_info": {
        "mobilesdk_app_id": "1:548731713748:android:02a7bce213c23365096341",
        "android_client_info": {
          "package_name": "com.example.yoride"
        }
      },
      "oauth_client": [],
      "api_key": [
        {
          "current_key": "AIzaSyAjmRS3MqZQUuDRMEl8LZ78bHU5ypgnzLA"
        }
      ],
      "services": {
        "appinvite_service": {
          "other_platform_oauth_client": []
        }
      }
    }
  ],
  "configuration_version": "1"
}